,ID,User,Date,Text,Latitude,Longitude,Sentiment,frase,clase
3264,1.1237428458091E+018,Mehgar_,2019-05-02T00:15:47.000Z,"Cuando Camilo S√©ptimo dijo ‚ÄúMe llevas a la cima y entre nubes me quemas la piel. Ya no quiero estar pensando en ti. No puedo seguir‚Äù Bro, I really feel that.",19.4320755,-99.087817,negativo,no puedo seguir,
4577,1.1368308040075E+018,marCoosalonz,2019-06-07T03:02:39.000Z,T√©cnicamente no tengo motivos para estar deprimido https://t.co/ZL2hdV7dXI,17.8101595,-91.3442875,neutro,deprimido,
969,1.0907886623657E+018,stevepatino,2019-01-31T01:47:37.000Z," Creo que estoy deprimido, apago las luces, cierro las cortinas y la puerta de mi habitaci√≥n, que este tan obscura y vac√≠a como estoy. Quiero obscuridad, me acuesto y me hago bolita sobre mi cama bajo las cobijas... Me siento solo!!!    Diario de un asesino serial.",25.0326315,-101.166961,negativo,deprimido,
8396,1.17997257835971E+018,Espitirusanto1,2019-10-04T04:12:40.000Z,Jajaja me quiero morir,19.183953,-96.2293965,positivo,quiero morir,
4932,1.14090268860084E+018,alejandrinahbb,2019-06-18T08:42:52.000Z,"Ten√≠a que levantarme a las 5 am... me levante desde las 3, me quiero morir.",20.941035,-89.623611,negativo,quiero morir,
2985,1.12068256164103E+018,mcarojimenezh,2019-04-23T13:35:18.000Z,"Ya solo quiero que se acabe este d√≠a, neta",28.9698625,-111.498181,negativo,quiero que se acabe,
8571,1.1817186398605E+018,Bur_Zup,2019-10-08T23:50:53.000Z,"Ya estoy menos deprimida, porque Abraham vino a cuidarme",19.432836,-99.153366,positivo,deprimida,
5641,1.14936262389863E+018,enyiigomez,2019-07-11T16:59:38.000Z,Ya quiero que se acabe esto. üò≠,19.3427885,-99.050461,negativo,quiero que se acabe,
5276,1.14515887344102E+018,LuigiElviraH,2019-06-30T02:35:26.000Z,No puedo seguir en este lugar donde no dejo de recordarte.,19.1431005,-96.0989905,negativo,no puedo seguir,
7425,1.16940145952554E+018,EmmyWilliams91,2019-09-05T00:06:49.000Z,"@cabreramoon Pues son lisa y Bart grandes y deprimidos, supongo que es por eso üòÖ, o a que te refieres?",19.678236,-99.119063,negativo,deprimido,
4222,1.13328817843625E+018,SharooonBiebs,2019-05-28T08:25:31.000Z,Ya no puedo seguir as√≠...,19.473794,-99.310428,neutro,no puedo seguir,
2745,1.11759506243366E+018,paolasvg,2019-04-15T01:06:41.000Z,"Ya no puedo m√°s, llevo tres d√≠as sin so√±ar, llevo cuatro noches sin cantar un buen tiempo sin alguien con quien hablar...",18.811717,-99.1828615,negativo,ya no puedo m√°s,
2574,1.11564100278877E+018,Abril_Toache,2019-04-09T15:41:57.000Z,"Me faltan 3 episodios para terminar Sabrina la bruja adolescente (original) no quiero que termine, solo quiero que se quede con Harvey. &gt;:'(",18.84346,-97.1455735,negativo,quiero que termine,
3723,1.12813902080485E+018,Samcedillo16,2019-05-14T03:24:37.000Z,Ya quiero que se acabe üò¢,31.192592,-111.001401,negativo,quiero que se acabe,
9685,1.1930358894228E+018,Isaulagigi,2019-11-09T05:21:36.000Z,Si ‚ÄúMorir solo‚Äù es buen√≠sima imag√≠nense todo el √°lbum ü§© @PrinceRoyce #AlterEgo,29.838495,-95.4464865,indeterminado,morir solo,
213,1.08275803708403E+018,krystel__,2019-01-08T21:56:47.000Z,"-Ese g√ºey tiene problemas internos muy serios, es s√∫per t√≥xico, est√° deprimido y perdi√≥ el control ante los excesos... - https://t.co/1s50EKp2YT",32.3328765,-116.929102,negativo,deprimido,
5593,1.14893380191091E+018,catsclave,2019-07-10T12:35:39.000Z,@warkentin @asilascosasw Don‚Äôt give up de Peter Gabriel.  Francamente yo estoy deprimida con la situaci√≥n del pa√≠s,19.318697,-99.3055805,negativo,deprimida,
5346,1.14608752734815E+018,karlayanelli,2019-07-02T16:05:34.000Z,"Oigan hoy tragu√© un chingo, ya no puedo m√°s con esta gordura",25.8365675,-98.362531,negativo,ya no puedo m√°s,
7648,1.17162236213296E+018,PilarBello13,2019-09-11T03:11:53.000Z,Ya no puedo m√°s üò™,19.1431005,-96.0989905,negativo,ya no puedo m√°s,
362,1.08425874456811E+018,raulcasais,2019-01-13T01:20:03.000Z,@dogazalu @erneslopz @mpani tenemos problemas en la cintura:  Se nos va Marcone Tenemos deprimido a Orbelin Alvarado y El√≠as son toreros caros y tienen que estar de vena...  Se√±or porque nos has abandonado?,19.328383,-99.15234,negativo,deprimido,
5784,1.15101175253404E+018,_MelanyV,2019-07-16T06:12:41.000Z,Solo quiero que termine esta pesadilla,25.923025,-100.1552455,negativo,quiero que termine,
502,1.08564767862357E+018,gabiichii,2019-01-16T21:19:11.000Z,"Perdona por ti, no por la persona que te lastim√≥, es lo m√°s dif√≠cil del mundo, eso me queda claro. Pero no vale la pena vivir amarg√°ndote y siendo infeliz. S√≠ se puede y es bien bonito dejar ir lo malo.",19.432836,-99.153366,negativo,no vale la pena vivir,
11280,1.21153423850123E+018,saitmontoya,2019-12-30T06:27:26.000Z,Fetish list ü•µ  üîûüîûüîûüîûüîûüîûüîû  1. Super si jaja 2. Nope 3. Me encanta xd 4. No es mi hit 5. Ni que fuera los a√±os del virrey 6. Sip 7. Chi 8. Si jej 9. Tambi√©n xd 10. Claro pq no 11. Nope 12. No me quiero morir 13. Qui√©n sabe xd  Comenta un emoji y te env√≠o las preguntas ü§òüèº,19.1431005,-96.0989905,positivo,quiero morir,
4654,1.13784578554489E+018,SarauzSays,2019-06-09T22:15:50.000Z,Ay la neta ya me quiero morir.,19.0322295,-98.1542665,negativo,quiero morir,
10523,1.20207462312859E+018,JazzBass_Girl,2019-12-04T03:58:18.000Z,Me quiero morir pensando en lo mal que me fue en todo el semestre en ballet,25.6766035,-100.196134,negativo,quiero morir,
9074,1.18675326434101E+018,ElAburridoChago,2019-10-22T21:16:41.000Z,"Escuche a Love of lesbianas en el trabajo y fue mala idea, me quiero morir ;----;",25.6417185,-100.2935915,negativo,quiero morir,
4378,1.13484402947082E+018,PeladoMuyPelado,2019-06-01T15:27:55.000Z,@LuisLayer Vas a morir solo,19.432836,-99.153366,indeterminado,morir solo,
4201,1.13316385130903E+018,alex_wems1,2019-05-28T00:11:29.000Z,Ojal√° el pr√≥ximo semestre no viva con las constantes ganas de suicidarme.,25.8073145,-100.3652735,negativo,suicidarme,
4305,1.13398092124014E+018,_JonatanHCruz,2019-05-30T06:18:14.000Z,"No necesit√°s cometer suicidio para que tu vida termine, muchas personas son zombies que caminan  que est√°n acostumbrados a la rutina que viven de manera autom√°tica.",28.9698625,-111.498181,negativo,cometer suicidio,
6294,1.15648915705478E+018,isoyedwin,2019-07-31T08:57:56.000Z,Escuchar a Carla Morrison a esta hr me dieron ganas de suicidarme no mms,19.183953,-96.2293965,negativo,suicidarme,
5223,1.14443238876162E+018,mqz_e,2019-06-28T02:28:38.000Z,A la madre!!!!! Mejor muertos.,20.790657,-103.4847745,negativo,mejor muerto,
6672,1.16163599008102E+018,raquelgomita,2019-08-14T13:49:36.000Z,"Ayer empec√© a ir al gym, dorm√≠ 5 horas, no pusieron la cafetera en el trabajo, no son ni las 9 y ya me quiero morir.",25.6417185,-100.2935915,negativo,quiero morir,
4796,1.13927012226535E+018,iBlange,2019-06-13T20:35:38.000Z,"Mi mam√° siempre que estoy deprimida me lleva de compras, est√° bonito y esta bien. üë©‚Äçüëß‚ô•Ô∏è",19.328383,-99.15234,positivo,deprimida,
5682,1.15007019776999E+018,pavlovag,2019-07-13T15:51:17.000Z,"@natazpee Weyyyyy JAJAAJAJAJAJ me quiero morir de la verg√ºenza, imag√≠nate el oso que hice ü•¥ü•¥",24.6624885,-107.3420565,positivo,quiero morir,
5236,1.14462120855554E+018,lunainadecuada,2019-06-28T14:58:56.000Z,Quiero dormir para siempre,28.9698625,-111.498181,positivo,dormir para siempre,
6932,1.16431151865101E+018,omarsinxxi,2019-08-21T23:01:12.000Z,"@NFLLive_esp Investiguen Sres. No quiero ser yo quien les tire a su √≠dolo de papel, y todo el ama√±o que hay alrededor de esa franquicia,",19.318042,-99.2480095,negativo,no quiero ser yo,
4412,1.13515652026882E+018,PhilippeCM,2019-06-02T12:09:39.000Z,No quiero estar aqu√≠ üôÉ,18.0219595,-92.9164995,negativo,no quiero estar aqu√≠,
697,1.08753350375812E+018,dianaarnold5,2019-01-22T02:12:47.000Z,"Me quiero morir y planear un funeral bonito con mucha comida, luego entiendo que si muero no podr√© comer nada de eso y se me pasa ü§∑üèΩ‚Äç‚ôÄÔ∏è",28.9698625,-111.498181,negativo,quiero morir,
6766,1.16248043438465E+018,MarielaMl31,2019-08-16T21:45:08.000Z,"Ahora en la escuela me preguntaron si era de nuevo ingreso, yo wey no ves mi cara de que me quiero morir?",24.6624885,-107.3420565,negativo,quiero morir,
393,1.08458035628675E+018,sgzz,2019-01-13T22:38:02.000Z,@braver @YouNetflix Ya me hart√© de todos! Ya quiero que se acabe! Quiero ir a terapia con el T√≠o Jesse,25.6417185,-100.2935915,positivo,quiero que se acabe,
9033,1.18634743358599E+018,SexyDave96,2019-10-21T18:24:04.000Z,Todav√≠a no es d√≠a de muertos y yo ya me quiero morir... DESDE HACE 22 MALDITOS A√ëOS.,21.048719,-87.0316645,negativo,quiero morir,
4556,1.13665159836778E+018,maicoriginal,2019-06-06T15:10:33.000Z,"Anoche estuve muy deprimido, ahora en la ma√±ana sigo igual, me duele mi cabeza y no tengo energ√≠as",25.5835005,-100.482749,negativo,deprimido,
3956,1.13069165290402E+018,Azul_deMetileno,2019-05-21T04:27:51.000Z,"Es temporada de mayitos, ya no me quiero morir.",19.328383,-99.15234,negativo,quiero morir,
7988,1.17578981476502E+018,jmsancher,2019-09-22T15:11:51.000Z,"@CEAservcliente @cea_qro Buenos d√≠as, sigue avanzando mi medidor ya va en 104 metros c√∫bicos en 3 sem, no es normal, tendr√≠a qu√© ser una mega fuga de lo cual no veo alguna en mi domicilio, urge pasen a revisar el medidor, mi contrato es 010275517  # de reporte 2056860. No puedo seguir faltando a trabajo",20.7152745,-100.4405945,negativo,no puedo seguir,
9747,1.19377223012108E+018,milkamiranda4,2019-11-11T06:07:33.000Z,Soy la m√°s feliz y ya no me quiero morir,28.9698625,-111.498181,negativo,quiero morir,
2810,1.11854122058481E+018,AliasCane,2019-04-17T15:46:23.000Z,"Estaba deprimido, pero ya me puse de buenas. Sigo deprimido. ¬°Pero de buenas!",19.4299345,-99.2115105,negativo,deprimido,
4944,1.14106011096755E+018,_itssof_08,2019-06-18T19:08:24.000Z,Me quiero morir.,21.849459,-102.327207,negativo,quiero morir,
2605,1.11585311498323E+018,brrrujacosmica,2019-04-10T05:44:48.000Z,¬øY si me quiero morir cogiendo?,24.107997,-110.8545845,indeterminado,quiero morir,
7498,1.17010096551465E+018,AndyInterian,2019-09-06T22:26:24.000Z,"Deber√≠a estar estresado y emocionado no triste, desanimado y con ganas de suicidarme",20.941035,-89.623611,negativo,suicidarme,
9884,1.19507053011566E+018,SandyAboytes,2019-11-14T20:06:32.000Z,"Mi compa√±era de trabajo dijo  c√≥mo es posible que un pedacito de carne me pueda hacer sentir tanto amor?  Y yo as√≠ de  ya s√© wey, coger es lo mejor  y result√≥ que estaba hablando de su sobrina reci√©n nacida. ME QUIERO MORIR",20.684717,-100.984983,negativo,quiero morir,
8505,1.18108377839295E+018,eokana,2019-10-07T05:48:10.000Z,@michis_04 Por que jajajaja yo no quiero que se acabe este ü§£,15.7724675,-90.224221,positivo,quiero que se acabe,
682,1.08745780982073E+018,buzonale,2019-01-21T21:12:00.000Z,Lunes de me quiero morir pero voy a esperar el pr√≥ximo disco de Foals,15.7724675,-90.224221,positivo,quiero morir,
2201,1.10979727650604E+018,samyTello,2019-03-24T12:41:04.000Z,Por qu√© me gustan tanto los embutidos ahumados ? üò≠ No quiero morir de ca de colon.,18.0219595,-92.9164995,neutro,quiero morir,
3244,1.12360907173369E+018,tomasgp29,2019-05-01T15:24:13.000Z,Ya quiero que termine el d√≠a y irme a mi casa en Corregidora Santa Barbara https://t.co/PrF0jjdYB2,20.52303703,-100.44397953,positivo,quiero que termine,
828,1.08901415036432E+018,ernestoeslava,2019-01-26T04:16:21.000Z,@SotanoSuizo üò±üå≠üç∫ y yo deprimido en el gym.... #carajo #Cu√°ntosM√°sAMLO,32.3328765,-116.929102,negativo,deprimido,
6123,1.15480804652413E+018,maishiviz,2019-07-26T17:37:48.000Z,"amikooos, anoshe tome mucho jager en el Am√©ricas. Hoy me quiero morir de cruda. Pero no me arrepiento.",20.676652,-103.335882,positivo,quiero morir,
6594,1.15992417007284E+018,anidemmara,2019-08-09T20:27:27.000Z,"Primer semana de clases finalizada, ya quiero que se acabe el semestre:)  Jajajaj",24.107997,-110.8545845,positivo,quiero que se acabe,
8051,1.17634851213858E+018,LizbethCortes09,2019-09-24T04:11:55.000Z,Estuve 11 horas en la escuela y ya no puedo m√°s üíÜüèΩ‚Äç‚ôÄÔ∏è,28.9698625,-111.498181,negativo,ya no puedo m√°s,
6754,1.16238427080095E+018,marlonalbarran,2019-08-16T15:23:00.000Z,Volvimos a hacer concurso de gente fea y gane con dos amigos. No se si sentirme orgulloso o deprimido. https://t.co/hONlfvKSH3,22.3111195,-100.955511,negativo,deprimido,
5137,1.14328025795007E+018,HerrerMarcos,2019-06-24T22:10:29.000Z,"HOY SE CUMPLEN 25 A√ëOS DESDE EL ESTRENO DE EL REY LE√ìN Y HAN LANZADO ESTOS POSTERS, ESTA PEL√çCULA VA A ACABAR CON MI VIDA!!!üòòüíñüò≠üôåüèºüëëü¶Å https://t.co/MvukHPOj2A",19.518656,-99.1158905,neutro,acabar con mi vida,
3772,1.12856001320581E+018,OrsocaZ,2019-05-15T07:17:29.000Z,Me quiero morir de la incomodidad y el dolor,20.941035,-89.623611,negativo,quiero morir,
7197,1.16718372144486E+018,ElShakRobledo,2019-08-29T21:14:19.000Z,@campmarylu Me quiero morir :(,25.6502875,-100.366033,negativo,quiero morir,
4418,1.13526705899907E+018,Don_jaco,2019-06-02T19:28:53.000Z,"@Maarc0o @dulceriverab La bolencia no cierra el ciclo. Lo que los cierra son las gomas mortales, las que te hacen querer morir y pedir perd√≥n llorando o arrodillado... Arrodillado en el WC üòÖ",15.7724675,-90.224221,negativo,querer morir,
9432,1.19066165802625E+018,Urielinski,2019-11-02T16:07:15.000Z,Ventajas  de estar muerto; te le puedes subir a qui√©n quieras üòà,22.7666095,-102.4248865,negativo,estar muerto,
10512,1.20201506915804E+018,patythcro,2019-12-04T00:01:39.000Z,Lit ya no puedo m√°s,19.0322295,-98.1542665,negativo,ya no puedo m√°s,
5408,1.14681783976175E+018,EricVillagome,2019-07-04T16:27:34.000Z,@_veronica_V Matame a pedos q quiero morir hediondo,19.328383,-99.15234,negativo,quiero morir,
7713,1.17251557018669E+018,elburruel,2019-09-13T14:21:10.000Z,"Hoy so√±√© que podia cambiar, nada cambias si nada cambia. El mayor amor le tengo a mi persona; ni me quiero matar, ni me quiero morir, perdona.",20.676652,-103.335882,negativo,quiero morir,
4010,1.13128167400688E+018,osmarfc01,2019-05-22T19:32:23.000Z,"Amigos recuerden pasarme por encima con su coche cuando me vean cruzar las calles, por qu√© soy muy indeciso en suicidarme, entonces tengan #decisionesinteligentes y matanme alv",22.270295,-97.916772,negativo,suicidarme,
9368,1.1900406000847E+018,jesusbernal173,2019-10-31T22:59:23.000Z,Ya quiero que termine el semestre y poder eliminar los grupos de WhatsApp de cada materia.,19.542054,-96.886083,negativo,quiero que termine,
9994,1.19645565966501E+018,DiegoPaniagua7_,2019-11-18T15:50:32.000Z,Ya no quiero y ya no puedo m√°s,29.838495,-95.4464865,negativo,ya no puedo m√°s,
134,1.08178879368073E+018,irene7_27,2019-01-06T05:45:21.000Z,Me quiero morir poquito.,19.6562895,-99.233657,negativo,quiero morir,
10401,1.20059776138666E+018,the3Bguy,2019-11-30T02:09:46.000Z,Ya me quiero morir alv,23.269879,-109.7662685,negativo,quiero morir,
2914,1.11998222505809E+018,hugoflowerz,2019-04-21T15:12:25.000Z,üôèüèΩ El hombre deprimido siente dentro de s√≠ una especie de vac√≠o... como si no pudiera moverse correctamente por carencia de algo que lo mueva.  Uno se llena de cosas para desplazar el‚Ä¶ https://t.co/TmUFcXfsWD,20.6667,-103.35,negativo,deprimido,
9552,1.19180115046031E+018,AngelicaDuranA,2019-11-05T19:35:11.000Z,Estaba a 1 de suicidarme y lleg√≥ mi profe favorito ever a abrazarme nada m√°s porque si üò≠üò≠üò≠‚ô•Ô∏è,20.941035,-89.623611,positivo,suicidarme,
9294,1.18925255626396E+018,orindejaguar,2019-10-29T18:47:59.000Z,Si de algo estoy seguro es que aqu√≠ quiero morir... https://t.co/MQYRLMX07h,15.7724675,-90.224221,negativo,quiero morir,
3335,1.12433767003593E+018,valeibarrav,2019-05-03T15:39:24.000Z,Ya quiero que se acabe esta √©poca de tener que ir a la escuela despu√©s del trabajo :-(,25.8073145,-100.3652735,negativo,quiero que se acabe,
5025,1.14192458575276E+018,latiabeky,2019-06-21T04:23:31.000Z,"Cuando tengas la intenci√≥n de casarte, cuando sepas que ya no puedo m√°s... besar√°s con esa obra de arte... A √©ste loco que ya no puede m√°s... üéµüò≥‚ù§Ô∏è‚ù§Ô∏è‚ù§Ô∏è‚ù§Ô∏è‚ù§Ô∏è‚ú®‚ú®‚ú®‚ú®‚ú®üòçüòçüòçüòçüòçüòçüòç",25.6502875,-100.366033,positivo,ya no puedo m√°s,
10174,1.19827530198335E+018,1999DLCP,2019-11-23T16:21:09.000Z,Me siento muy deprimida,28.9698625,-111.498181,negativo,deprimida,
5899,1.15237168634125E+018,SaraiGF9921,2019-07-20T00:16:34.000Z,"Estoy en un punto en el que ya no puedo continuar y no por que no quiera, si no por que de verdad te intente dar todo hasta sentir que ya no tengo m√°s que ofrecerte.",20.676652,-103.335882,negativo,no puedo continuar,
1019,1.0914375805692E+018,AngieTge,2019-02-01T20:46:11.000Z,"Amo este lugar no quiero morir si ver uno en mi rancho (@ Chedraui Selecto - @chedrauioficial in Cancun., Quintana Roo) https://t.co/L4FmiFGkl3",21.13577561,-86.74794703,positivo,quiero morir,
7419,1.16936619076406E+018,MariasoleC_,2019-09-04T21:46:40.000Z,@ElpecasGT Siempre deprimidas.,15.7724675,-90.224221,negativo,deprimida,
9399,1.19034509984418E+018,santialvarezdh,2019-11-01T19:09:22.000Z,"Siempre deprimido, pero as√≠ estoy bien Encontrar√°n mi cuerpo dentro de un Porsche Cayenne Con una 9 en la mano y un tiro en la sien",20.676652,-103.335882,negativo,deprimido,
5978,1.15317937798898E+018,NlallOffizial,2019-07-22T05:46:03.000Z,"Ya no s√© que hacer, s√≥lo quiero morir, ah√≠ encontrar√© la paz que tanto necesito.",25.6417185,-100.2935915,negativo,quiero morir,
7794,1.17344583653084E+018,ZayuriRodriguez,2019-09-16T03:57:43.000Z,He estado de deprimida en mi cama todo el d√≠a viendo Netflix.,20.676652,-103.335882,negativo,deprimida,
10465,1.20137468423277E+018,imannagigi,2019-12-02T05:36:59.000Z,@juanma_romo una historia diferente pa que se me quitaran las ganas de #suicidarme,22.3111195,-100.955511,neutro,suicidarme,
734,1.08789668857931E+018,jessearan,2019-01-23T02:15:57.000Z,"@lupitatretoM Ya quiero que termines tu carrera, √©chale ganas amiga te amoüíó",22.270295,-97.916772,positivo,quiero que termine,
3285,1.12382650367283E+018,patythcro,2019-05-02T05:48:12.000Z,Ya no puedo m√°s,19.0322295,-98.1542665,negativo,ya no puedo m√°s,
358,1.08422569380472E+018,ManuelCR91,2019-01-12T23:08:43.000Z,"Ya no puedo seguir as√≠, esto me est√° matando cada d√≠a m√°s; Quisiera terminar con todo esto que siento, quiero parar el sufrimiento y dejar a todos tranquilos. Nunca te eh pedido nada diosito, pero sinceramente si puedes quitarme la vida, HAZLO!  Quiero morir de una vez por todas.",24.7340355,-107.7623565,negativo,quiero morir,
9597,1.19225312794218E+018,AliasCane,2019-11-07T01:31:11.000Z,@sopelana ¬øY s√≠ hacemos un c√≥mic? Yo escribo y t√∫ dibujas. No es broma. Puede llamarse los Imposibles‚Äî superh√©roes deprimidos,19.4299345,-99.2115105,negativo,deprimido,
1110,1.09290934354729E+018,Mily_Ortiz,2019-02-05T22:14:27.000Z,"@Univ_Metropoli Solo menciona municipios del lado occidental de Mexico, para ellos no estan a la altura del turismo vacacional la zona deprimida del oriente, los m√°s abandonados x su gobernador!  Espero sepa k existan!",19.432836,-99.153366,negativo,deprimida,
4528,1.13633480461672E+018,CoronelGabii,2019-06-05T18:11:44.000Z,Resulta ser que mi conejo no estaba deprimido el cabron nomas come zanahorias peladas jajajaja y yo asi de wei quieres lim√≥n o chilito mi rey?,20.7152745,-100.4405945,negativo,deprimido,
880,1.08973000610275E+018,RafaHb11,2019-01-28T03:40:54.000Z,No he visto Club De Cuervos porque no quiero que se acabe ya üò≠ La voy a ir degustando poco a poco.,20.1462295,-98.6511475,negativo,quiero que se acabe,
9301,1.18932942704756E+018,caromarin_s,2019-10-29T23:53:26.000Z,Ya me quiero morir,25.736715,-100.270474,negativo,quiero morir,
6255,1.15604563964772E+018,ari_mooca,2019-07-30T03:35:33.000Z,La vas a ver brillar‚ú® o lo vas a ver brillar‚ú® y cuando te des cuenta que ya no va a ser por ti y te vas a querer morir.,19.2843215,-99.655676,neutro,querer morir,
9271,1.18891131968624E+018,E_L_A_G_,2019-10-28T20:12:02.000Z,Cuando estoy deprimida me pongo a ver videos de @Guaynaa_  y vieran que buen tratamiento. üòª,25.6417185,-100.2935915,positivo,deprimida,
11115,1.20897600992567E+018,SuelemVanesa,2019-12-23T05:01:57.000Z,Me quiero morir en una buena peda,25.6502875,-100.366033,negativo,quiero morir,
7048,1.16567161078905E+018,pandatania,2019-08-25T17:05:43.000Z,Putaaaa! Y yo ya quiero que termine este cochino sexenio,25.736715,-100.270474,negativo,quiero que termine,
5064,1.14248555427528E+018,Estefwars,2019-06-22T17:32:37.000Z,"@sarycantera Las llamadas con fondo de -Se compran colchones, refrigeradores... Casa sucia y t√∫ deprimida en pijama no todo es color de rosa üòÇ",19.3427885,-99.050461,negativo,deprimida,
4882,1.1404185522157E+018,elalexolivares_,2019-06-17T00:39:05.000Z,Ya solo quiero que se acabe este d√≠a.,24.107997,-110.8545845,negativo,quiero que se acabe,
7589,1.1711779057469E+018,edmondDestrella,2019-09-09T21:45:46.000Z,"@el__ipol @RencorMexica666 @ARSAAQ @CAFERNANDEZR @DiablosRojosMX @Tigres @alfredoharphelu @PonchaloPorra @LigaMexBeis @adevaldes @septimaentrada_ @abogadopateador @jorge_cantu3 @mikeboada Esa mera ¬øhan visto la escena de fever pitch, donde Ben ve el Buckner una y mil veces porqu√© est√° deprimido? As√≠ yo con las lecturas del 83",19.432836,-99.153366,neutro,deprimido,
5338,1.14593336364943E+018,AvieLangley,2019-07-02T05:52:58.000Z,"Cuando crees que tu labor como psic√≥loga es b√°sicamente  lavar cerebros . Realmente no se ha dado cuenta que lo que a ella le ense√±aron como doctrina es otra forma de adoctrinar. Qu√© sad, tambi√©n qu√© miedo, y luego se preguntan por qu√© todos estamos deprimidos y ansiososüôÑ https://t.co/zal1GxKaaz",25.778679,-100.1687175,negativo,deprimido,
10552,1.20243131336771E+018,andyraqui,2019-12-05T03:35:39.000Z,Felizmente deprimido? ü§îü§∑üèª‚Äç‚ôÇÔ∏è https://t.co/eE33JqVqgY,28.774769,-100.6071045,negativo,deprimido,
2045,1.10740123209058E+018,PeladoMuyPelado,2019-03-17T22:00:02.000Z,Estoy tan deprimido que vine en domingo a Coyoac√°n... https://t.co/OWzAFqnUGg,19.328383,-99.15234,negativo,deprimido,
1940,1.10592233222733E+018,marqoooz,2019-03-13T20:03:25.000Z,Amigas me voy a volver LOCAAAAA! ya no quiero estar aqu√≠,21.849459,-102.327207,negativo,no quiero estar aqu√≠,
140,1.08182298187626E+018,medicenviernes,2019-01-06T08:01:12.000Z,No puedo seguir as√≠.,20.0537185,-98.7155595,neutro,no puedo seguir,
1627,1.10053592794285E+018,8carlosmar,2019-02-26T23:19:46.000Z,"Se me olvidaron mis aud√≠fonos, me quiero morir alv",22.270295,-97.916772,negativo,quiero morir,
4677,1.13799140866781E+018,ScortTwinkMTY,2019-06-10T07:54:29.000Z,La decision de acabar con mi vidaüòç,25.6766035,-100.196134,positivo,acabar con mi vida,
9758,1.19392455118236E+018,laurasegurosmx,2019-11-11T16:12:49.000Z,@250613anmaga @nSaltillo @CruzRojaSalt @policiasaltillo @miltonandree @manolojim No es por velocidad. Es porque no saben manejar. No viste que ayer una mujer se estamp√≥ con la vaya met√°lica del deprimido de liverpool la fila m√°s larga y m√°s pndj k he visto en todo Saltillo. Ah√≠ no van a exceso de velocidad. Chocan porque no saben esperar y manejar. K triste!,19.380613,-99.1614805,negativo,deprimido,
6295,1.15653233969194E+018,alvarado_frida,2019-07-31T11:49:31.000Z,"Acabo de estrellar mi pantalla y a√∫n no son las 7, ya recogerme diosito ya no quiero estar aqu√≠",25.244223,-103.23313,negativo,no quiero estar aqu√≠,
10765,1.20490173760325E+018,GaxiolaZuniga,2019-12-11T23:12:14.000Z,Ya no puedo m√°s,28.941866,-106.1628985,negativo,ya no puedo m√°s,
2826,1.11871506738029E+018,MarianaAlarconP,2019-04-18T03:17:11.000Z,"Neta ya no puedo m√°s, me urge playa.",19.0322295,-98.1542665,negativo,ya no puedo m√°s,
8035,1.17622315478136E+018,drea_arreolaa00,2019-09-23T19:53:47.000Z,Oigan no puedo seguir saliendo a la calle con esta cara habiendo mujeres tan preciosas,20.651612,-101.170172,negativo,no puedo seguir,
842,1.08922903008633E+018,Macawinterr,2019-01-26T18:30:12.000Z,Hoy juega Hurac√°n de local y claramente no voy a poder ir a la cancha quiero morir,20.5845305,-87.346982,negativo,quiero morir,
8746,1.18336087596236E+018,romangza,2019-10-13T12:36:33.000Z,Me quiero morir!!üòµ,24.8558175,-99.538038,negativo,quiero morir,
4493,1.13606878916915E+018,samy_mishell,2019-06-05T00:34:41.000Z,Ya no puedo m√°s ¬°Ya me quiero titular!  üòî,20.7152745,-100.4405945,negativo,ya no puedo m√°s,
9500,1.19134687721772E+018,ElValdo_trouble,2019-11-04T13:30:04.000Z,"@NellyElviraa Jajajajaja yo la neta ya quiero que se acabe el a√±o, a partir del 2020 cambiara mi vida",18.1218475,-95.5539425,positivo,quiero que se acabe,
1898,1.10457691197458E+018,vegapfa79,2019-03-10T02:57:12.000Z,Ya no puedo m√°s no tenemos entrenador.....entregamos el partido @JRPalaciosChapa @joelcanojr @kikegarciaadn,25.778679,-100.1687175,neutro,ya no puedo m√°s,
2530,1.11416726796368E+018,Contrahistoria,2019-04-05T14:05:51.000Z,"A veces fantaseo con suicidarme, me imagino colgado de un Macuil√≠ floreciente en plena primavera, pendiendo al viento, luego el valor se me va y recuerdo algunos pendientes acad√©micos que tengo todav√≠a, gana esa costumbre de estar vivo y digo, bueno, hoy no, hoy no.",18.291262,-93.341606,negativo,suicidarme,
2042,1.10734164551774E+018,AR2ROTOTO,2019-03-17T18:03:16.000Z,"Hay un Natl Geo..(revista) reciente sobre el sue√±o ! Rev√≠sala, es vital para  la salud del cerebro, dormir bien y 8 horas no menos ! Quizas estas deprimida .. #Looez nos afecta",18.9252895,-96.937002,neutro,deprimida,
929,1.09040437236491E+018,Hi_im_Fito,2019-01-30T00:20:35.000Z,Ando bien sacado de onda esta semana ya quiero que se acabe,20.7152745,-100.4405945,positivo,quiero que se acabe,
6500,1.15893730083704E+018,pamelaroldanr,2019-08-07T03:05:59.000Z,Cuanto tiempo despu√©s de irse del ranchito deja uno de sentirse deprimido,24.6624885,-107.3420565,negativo,deprimido,
3289,1.12385055828729E+018,ZulemaStaCruz,2019-05-02T07:23:47.000Z,Tengo 1 semana y media con agruras y ya no puedo m√°s üò≠,28.9698625,-111.498181,negativo,ya no puedo m√°s,
10626,1.20303494191276E+018,sharon__n,2019-12-06T19:34:16.000Z,"Yo tambi√©n he sentido que ya no puedo m√°s y he pedido salida temprano porque pues, el problema que cargas es tan grande que no puedes concentrarte por m√°s que lo intentes. Lo √∫nico que hice fue pararme de donde estaba y no seguir escuchando. Sin darse cuenta me..",25.6502875,-100.366033,negativo,ya no puedo m√°s,
9354,1.18988932611458E+018,AranxaSalazar,2019-10-31T12:58:17.000Z,No quiero que termine octubre nunca :(,19.3206955,-99.1525965,negativo,quiero que termine,
4752,1.13881511722155E+018,__auroraa07,2019-06-12T14:27:36.000Z,"Tengo mas de un mes cuid√°ndo mi alimentaci√≥n porque gorda, y lo mas gordo que he comido en mis dias libres es una pasta hace 2 semanas o pizza a la le√±a la semana pasada, pero ya no puedo m√°s, NECESITO UNOS TAQUITOS DE BARBACOA CON CONSOM√â  üòîüò≠",20.676652,-103.335882,negativo,ya no puedo m√°s,
4475,1.13588540828436E+018,theonlyyeas,2019-06-04T12:25:59.000Z,Al chile no s√© por qu√© quiero que se acabe la semana si no voy a tener d√≠a libre esta semana ü§¶üèΩ‚Äç‚ôÄÔ∏è,29.838495,-95.4464865,negativo,quiero que se acabe,
2982,1.120672289803E+018,dzpepe,2019-04-23T12:54:29.000Z,"Entro a twitter o fb y solo veo cosas deprimentes, que pedo? Me quieren ver deprimido o que vergas? üòí https://t.co/e7v0atgi5I",19.2843215,-99.655676,negativo,deprimido,
2202,1.10981799630894E+018,gonzalezrocio18,2019-03-24T14:03:24.000Z,@FelipeCalderon Es que no se puede matar a pu√±aladas y querer morir a besos. Entiendo su punto; pero AMLO nunca fue un buen perdedor y tampoco ha sabido ser un buen ganador. Ha polarizado al pa√≠s por a√±os y lo sigue haciendo.,21.849459,-102.327207,negativo,querer morir,
3061,1.12154029366751E+018,Lilianaverduzco,2019-04-25T22:23:37.000Z,Ya quiero que se acabe esto #NosVamosAArrepentir,25.5016255,-108.5232665,negativo,quiero que se acabe,
3082,1.12178120804268E+018,OmarMt_,2019-04-26T14:20:56.000Z,Me pone muy triste End Game obvio la pel√≠cula es excelente pero no quiero que termine estoüò≠,22.560886,-98.082815,negativo,quiero que termine,
7068,1.16580532498666E+018,KenyaDiliegros,2019-08-26T01:57:03.000Z,No quiero que termine mi bello fin de semana,17.777682,-92.801837,positivo,quiero que termine,
6994,1.16500810450695E+018,YaotlAltan,2019-08-23T21:09:11.000Z,"@ISamayoa @IVANDIAZ66 @monerohernandez @hdemauleon @MolinaEduardo_ @CarlosLoret Es gentuza que sigue deprimida por la derrota, sin proyecto pol√≠tico, difundiendo noticias falsas y enfocada en memes cuando mucho.  Tendremos varios sexenios de izquierda.",19.399101,-99.096496,negativo,deprimida,
6585,1.15972382292224E+018,Rundiemci,2019-08-09T07:11:20.000Z," NO PUEDO SEGUIR CAMBIANDO MI F√çSICO, DE VERDAD QUE NO PUEDO, LA MORTALIDAD ME EST√Å MIRANDO A LA CARA                Christian Bale https://t.co/9u9l9rhYqB",28.941866,-106.1628985,neutro,no puedo seguir,
8191,1.17813325640075E+018,AnaBuzany,2019-09-29T02:23:51.000Z,Ya me quiero morir,28.9698625,-111.498181,negativo,quiero morir,
3551,1.12646239350731E+018,sasyagustina,2019-05-09T12:22:17.000Z,"Ya no puedo m√°s, pero ya me conoces y aunque todo se hunda, yo seguir√© aqu√≠ en pie... üë£üíï @AlejandroSanz @SilencioCuervos #PisandoFuerte para #LaGira üíøüíñ @V_P_P_19 @MarthaV80267358 @RominaBouhi @freddyfabrizz7 @brunito_babs @ArelyMedina1311 @espeordiz @MALVINAMOLINA https://t.co/uxHQiIMggK",21.849459,-102.327207,neutro,ya no puedo m√°s,
6983,1.16489236505793E+018,__karliux__,2019-08-23T13:29:17.000Z,Vengo llegando de mi entrenamiento y ya me quiero morir ü•∫,19.542054,-96.886083,negativo,quiero morir,
3124,1.12223131010839E+018,filipppo_,2019-04-27T20:09:29.000Z,Nojoda me quiero morir,21.114418,-105.077117,positivo,quiero morir,
10731,1.20449223752834E+018,dismoisamgr,2019-12-10T20:05:02.000Z,Por qu√© no puedo seguir mis consejos de ‚ÄúEl que busca encuentra‚Äù y dejar de buscar por qu√© solo me doy cuenta de todo y me lastimo yo misma.,20.0537185,-98.7155595,negativo,no puedo seguir,
3119,1.12219513468531E+018,MaUriazUl1987,2019-04-27T17:45:44.000Z,El que diga que nunca ha visto  Bridget Jones's Diary  estando deprimido seguro de narices que es un embustero de lo peor. https://t.co/09TNNj7i4I,19.328383,-99.15234,negativo,deprimido,
8811,1.18395872402674E+018,Francisco_Bolla,2019-10-15T04:12:11.000Z,Ya quiero que se acabe este mes de mierdaa,31.452274,-106.568008,negativo,quiero que se acabe,
2143,1.1088744664305E+018,ShesMaff,2019-03-21T23:34:09.000Z,Si me quiero morir. Qu√© oso lo que dej√© que pasara.,19.318042,-99.2480095,negativo,quiero morir,
6005,1.15350858859121E+018,neftallytg,2019-07-23T03:34:13.000Z,Voy a empezar el semestre deprimida jaja ‚òπÔ∏è,25.6417185,-100.2935915,negativo,deprimida,
9575,1.19196111882832E+018,NelsonMZr5,2019-11-06T06:10:50.000Z,Unas 20 pastillitas para dormir para siempre me caer√≠an muy bien üòã,23.685934,-99.187904,positivo,dormir para siempre,
7514,1.17034083443427E+018,Severnwitch,2019-09-07T14:19:33.000Z,Me quiero morir üôÑüôÑüôÑüôÑüôÑüôÑ,15.7724675,-90.224221,negativo,quiero morir,
10428,1.20099014682651E+018,0710_me,2019-12-01T04:08:58.000Z,Me he sentido tan deprimida casi todo el d√≠a de hoy üòî,15.7724675,-90.224221,negativo,deprimida,
10215,1.19875893300503E+018,therovercris,2019-11-25T00:22:56.000Z,Ya me quiero morir üòªüëåüèº https://t.co/ww1oXyyS9y,19.2515305,-99.5799145,positivo,quiero morir,
5060,1.14246266824003E+018,je_suissandra,2019-06-22T16:01:40.000Z,"-Yo, los d√≠as que no me quiero morir",20.1056375,-98.775808,negativo,quiero morir,
10442,1.2011638923465E+018,efhe_diaz,2019-12-01T15:39:23.000Z,Omitan mi cara de ya no puedo m√°s! Jajajaja https://t.co/wPCLaAQA6J,23.6254185,-102.5580375,indeterminado,ya no puedo m√°s,
1858,1.10374474814409E+018,LEYRA7,2019-03-07T19:50:29.000Z,No me quiero morir hasta ver una üòç,19.380613,-99.1614805,negativo,quiero morir,
5738,1.15061534053306E+018,luisigg,2019-07-15T03:57:29.000Z,No quiero que se acabe #BLL,20.790657,-103.4847745,negativo,quiero que se acabe,
9266,1.18881551787362E+018,GerardoLanda7,2019-10-28T13:51:21.000Z,"Voy a convidarte una parte de m√≠ Para ir por ah√≠, vamo' en mi Zeppelin Si el mundo est√° roto que traigan otro o mejor nos vamos to' nosotros No quiero vivir con sabor a poco, no quiero morir sin volverme loco  Cuando miremos y no entendamos nada de todo lo que ahora vemos",27.7136525,-109.84179,positivo,quiero morir,
9495,1.19127072020814E+018,Nicole_Llanoss,2019-11-04T08:27:27.000Z,Solo de pensar que ma√±ana tengo clase de seminario de 8 a 10 ya me dieron m√°s ganas de suicidarme,28.9698625,-111.498181,negativo,suicidarme,
6818,1.16312750036658E+018,Hector_Alej0,2019-08-18T16:36:20.000Z,Alguien que me quiera enamorar e ilusionar ? Y despu√©s dejarme todo deprimido. Necesito bajar unos 10 kg.,19.0322295,-98.1542665,negativo,deprimido,
10005,1.19655361533651E+018,SAMelBailarin,2019-11-18T22:19:47.000Z,"Que NO esta de moda poner cara de pito cuando te tomas fotos y videos para decir que est√°s de baj√≥n, triste o deprimido.",15.7724675,-90.224221,negativo,deprimido,
7451,1.16961424136552E+018,AlbertoFRodrig2,2019-09-05T14:12:20.000Z,"Para no estar muerto en vida basta vivir agradecido por cada d√≠a, con lo que nos traiga, amiga m√≠a",19.4299345,-99.2115105,positivo,estar muerto,
4320,1.1341450203852E+018,daniieelmg,2019-05-30T17:10:18.000Z,"Viajando ya por #Volaris Vuelo Y4 5193 destino #Monterrey. El capit√°n es Javier Mata... #ayura no quiero morir! @viajaVolaris #pofavo ,üòÇüòÇüò¢",21.048719,-87.0316645,positivo,quiero morir,
753,1.08810905431099E+018,Anaitas_,2019-01-23T16:19:49.000Z,@zoaretnica @josdamet @BobGuijarro @rorrozen bien pinche espantada  Vi los componentes de la nutella y me quiero morir (por tragar tanta ) me la paso leyendo etiquetas y termino mas espantada y sin ganas de comprar nada.   estoy asi *hace as√≠* de comer puras verduras pero luego que si transgenico y que si los pesticidas,23.6254185,-102.5580375,negativo,quiero morir,
11103,1.20886533605494E+018,RafaRoj13278379,2019-12-22T21:42:10.000Z,@Pajaropolitico @animalgourmet Y como le hacemos los que no estamos deprimidos y no podemos dejar de tragar???,19.245091,-98.7270065,negativo,deprimido,
2774,1.11802183237918E+018,erick_alejadroj,2019-04-16T05:22:31.000Z,"Cuerpo cortado, me quiero morir",20.536509,-97.4474945,negativo,quiero morir,
11002,1.20748324982547E+018,bbmnnbbb,2019-12-19T02:10:15.000Z,A veces si me quiero morir jajaj https://t.co/XOoH9Pc2s2,19.380613,-99.1614805,indeterminado,quiero morir,
1203,1.09452962532418E+018,alermz8,2019-02-10T09:32:52.000Z,Estoy despierta desde las 6am y ya son las 3:31am...ya no puedo m√°s. Con esta me despido #HBDScarletGruber https://t.co/YtSGReYXHQ,25.6766035,-100.196134,negativo,ya no puedo m√°s,
9355,1.18990185205101E+018,AleeAalejandro,2019-10-31T13:48:03.000Z,Ya Casi D√≠a de muertos y yo solo espero no estar muerto para ti. üò¢,25.558993,-97.547392,negativo,estar muerto,
10556,1.20244686988192E+018,tey_menchaca,2019-12-05T04:37:28.000Z,"@mila_mila_nan Nombre, tampoco me quiero morir de congesti√≥n alcoh√≥lica üòÇ",25.5016255,-108.5232665,neutro,quiero morir,
6760,1.16244816671467E+018,AlberthMac,2019-08-16T19:36:54.000Z,"Ya no puedo m√°s, estoy hasta la madre esto no est√° funcionando , me hicieron ver como un pendejo",21.09806,-101.601401,negativo,ya no puedo m√°s,
7569,1.17093300088598E+018,Alaan_rdz10,2019-09-09T05:32:36.000Z,Me quiero morir,25.6766035,-100.196134,negativo,quiero morir,
245,1.08303040721234E+018,Miel_Karo_,2019-01-09T15:59:05.000Z,"Mi timeline es 80% huachicoleo, 10% gente deprimida, 5% fotos de lomitos  y 5% tweets promocionados de pol√≠ticos.",22.7306065,-102.6943495,neutro,deprimida,
1254,1.0951485748185E+018,lunainadecuada,2019-02-12T02:32:21.000Z,"Estoy muy deprimida, r√°pido alguien venga a darme unos pinches besotes.",28.9698625,-111.498181,negativo,deprimida,
2580,1.11569334958607E+018,abel_villegasg,2019-04-09T19:09:57.000Z," Venga a nosotros tu Reino , pudiera traducirse como:  Danos entra√±as de misericordia frente a toda miseria humana. Insp√≠ranos el gesto y la palabra oportuna frente al hermano solo y desamparado. Ay√∫danos a mostrarnos disponibles ante quien se siente explotado y deprimido  (IVb)",32.3328765,-116.929102,negativo,deprimido,
7479,1.16984274609536E+018,KarenSRmz,2019-09-06T05:20:19.000Z,JAJAJAJA ando toda deprimida y luego todav√≠a Cruz Azul sale con sus chingaderas. üòî,20.1056375,-98.775808,negativo,deprimida,
9972,1.19621156484988E+018,ana_abreu_leon,2019-11-17T23:40:36.000Z,"Hoy es de esos d√≠as, donde ya no puedo m√°s y quiero golpear un saco hasta romperlo...",18.0219595,-92.9164995,negativo,ya no puedo m√°s,
3481,1.12592532789973E+018,perlaariasrz,2019-05-08T00:48:11.000Z,"Me sorprende mucho de Diego que aunque siempre est√© deprimido, tiene en su carita una sonrisa s√∫per bonita e irradia rayitos amarillos üíõ",19.328383,-99.15234,positivo,deprimido,
6924,1.16423383532592E+018,edrei_id,2019-08-21T17:52:31.000Z,"@dalcz @Policia_HMO Pero pues vale mas que tumben un arco antes de ingresar al puente deprimido, que se queden atorados abajo obstruyendo",28.9698625,-111.498181,negativo,deprimido,
1968,1.10625284076548E+018,liidgant,2019-03-14T17:56:45.000Z,"S√© que no puedo seguir as√≠, que tengo que dejarlo ir, pero me duele que piense que mi decisi√≥n fue por alguien m√°s. Eso no es verdad üò≠",19.0322295,-98.1542665,negativo,no puedo seguir,
3113,1.12214857696713E+018,nerv27,2019-04-27T14:40:43.000Z,Cumpliendo un a√±o m√°s de vida... Preferir√≠a estar muerto.,21.0254965,-101.250134,negativo,estar muerto,
11213,1.21044563691673E+018,adryyestrada,2019-12-27T06:21:43.000Z,"Ya me cans√© de estar deprimida, me voy a dormir para que se me quite üòú",16.7424355,-93.1396595,positivo,deprimida,
6995,1.16500828116257E+018,OVIALCDMX,2019-08-23T21:09:53.000Z,16:09 #Precauci√≥nVial por percance en el deprimido de R√≠o #Mixcoac antes de la salida al Eje 8 Sur con direcci√≥n Oriente. https://t.co/aLvHfENnk6,19.432836,-99.153366,neutro,deprimido,
19,1.08022034139229E+018,BenjaBorderline,2019-01-01T21:52:53.000Z,"Mam√° solo me deseo que este a√±o logr√© ser feliz, por qu√© casi todo el 2018 me la pas√© deprimido...",20.536509,-97.4474945,negativo,deprimido,
6199,1.15558099200401E+018,mariferglls,2019-07-28T20:49:12.000Z,Estoy oficialmente deprimida porque mi primer amor en Benton ya no est√°.,25.6417185,-100.2935915,negativo,deprimida,
2917,1.12001192166561E+018,0812272_1618272,2019-04-21T17:10:25.000Z,"Desde que el barba piojosa le paso la amante al cabecita de algod√≥n, anda todo deprimido y alcoholizado...",19.815465,-99.8462955,negativo,deprimido,
7705,1.17234272663058E+018,UAmarilloxfavor,2019-09-13T02:54:21.000Z,We hice un test y sali√≥ ke estoy mas deprimida que el promedio. Es culpa de tims,25.6417185,-100.2935915,negativo,deprimida,
9489,1.1912039197012E+018,ferflores_72,2019-11-04T04:02:00.000Z,46 d√≠as me separan de mi t√≠tulo profesional y les juro que ya no awanto alaverGAAA YA QUIERO QUE SE ACABE EL SEMESTREEEE,25.6417185,-100.2935915,negativo,quiero que se acabe,
2429,1.11307015137154E+018,pop_chicle,2019-04-02T13:26:18.000Z,Soy una carga para los que me rodean.... No se puede confiar en la gente.... No se puede confiar en m√≠.... No merezco ser feliz y tener √©xito... La vida no vale la pena vivirla.Vemos nuestras conductas y nuestros patrones con el objeto de discernir los que son autodestructivos.,18.5210245,-99.597545,negativo,no vale la pena vivir,
3682,1.12778100881061E+018,El_Mich82,2019-05-13T03:42:00.000Z,@juliommr1 Creo q debe ser el fuego salvaje que qued√≥ escondido cuando el rey loco quer√≠a quemar la ciudad antes de que el matarreyes obtuviera su sobrenombre.  No imagino q sea un plan suicida de Cersei!,19.380613,-99.1614805,negativo,plan suicida,
5435,1.14715969784746E+018,AzenethVG,2019-07-05T15:05:59.000Z,"@laos_land @JoserraZuniga @benshorts Hahaha Wikipedia, b√∫scale de verdad üòÇ obviamente he buscado, ignorante t√∫, no puedo continuar 'discutiendo' con alguien que me pone eso de ejemplo. Bueno, bye!",25.6502875,-100.366033,positivo,no puedo continuar,
9444,1.19075460085864E+018,RiccoSaldana,2019-11-02T22:16:34.000Z,"Quiero arroparme contigo y viajar en tren Vivir en tu cien, recitar amen en vez de am√©n Quiero caerme bien, contarme un buen chiste Y perdonarme por dejarme hacer todo lo que me hiciste Antes de morir quiero morir sin af√°n Y ser fan de mi gente antes que ser un rockstar",16.9589495,-99.7356495,negativo,quiero morir,
5693,1.15019220843753E+018,nachorubior,2019-07-13T23:56:06.000Z,Me quiero morir,28.9698625,-111.498181,negativo,quiero morir,
1334,1.09605559382622E+018,la_chiquitere,2019-02-14T14:36:31.000Z,Si andamos arrastrando el hate love bien sabroso en el #EMIX1065 no quiero que termine #RecluEnMix üò´,19.3427885,-99.050461,positivo,quiero que termine,
5084,1.14261057077805E+018,GerardoLanda7,2019-06-23T01:49:23.000Z,Quiero morir pero no se c√≥mo quiero vivir pero no se cu√°nto,27.7136525,-109.84179,negativo,quiero morir,
10071,1.19722627780925E+018,ZarateJaime11,2019-11-20T18:52:42.000Z,"Las fotograf√≠as de la Revoluci√≥n Mexicana, ahora en alta definici√≥n gracias a restauraci√≥n por inteligencia artificial. Viva la Revoluci√≥n Mexicana!!!  Quiero morir siendo esclavo de mis principios, no de los hombres. #RevolucionMexicana https://t.co/3IJ5lQBwwW",22.3111195,-100.955511,positivo,quiero morir,
10905,1.20643257052055E+018,TacoDe_Canasta,2019-12-16T04:35:13.000Z,"Este quiz√° sea mi √∫ltimo estado por aqu√≠ porque ando deprimido, s√≥lo las fotos de gatitos me animan un poquito. https://t.co/gAF8qrkrOv",19.3427885,-99.050461,negativo,deprimido,
6182,1.15539426302013E+018,brendagzz7,2019-07-28T08:27:13.000Z,Ocupo a @UnTalFredo  para que me levante  el evento por que ando bien deprimida züò¢,26.8782035,-101.220857,negativo,deprimida,
116,1.08147035413502E+018,Carlos_Lira_P,2019-01-05T08:39:59.000Z,‚ÄîMe molesta mucho la gente deprimida. *Pone √©sta rola en bucle a las 3 de la ma√±ana hasta que shora https://t.co/T1BJQTpoRj,19.399101,-99.096496,negativo,deprimida,
139,1.08181713310808E+018,sameoldlxve,2019-01-06T07:37:58.000Z,yo ya me quiero morir alv.,20.676652,-103.335882,negativo,quiero morir,
869,1.08965117439822E+018,MissLizzie77,2019-01-27T22:27:39.000Z,"Me desped√≠, pero te ment√≠, no me quer√≠a alejar. Disimul√©, me aguant√© pero es que ya no puedo m√°s. Quise borrarte, olvidarte¬†pero te vuelvo a recordar...",15.7724675,-90.224221,negativo,ya no puedo m√°s,
9654,1.19280415535993E+018,alexagamp,2019-11-08T14:00:46.000Z,"No me habia dado cuenta de lo deprimida que estaba por lo de mi pap√° hasta que me qued√© sola. Mis amigos han hecho un trabajo asombroso, est√°n ayudandome a seguir. No tienen idea de cu√°nto los amo.",19.435307,-100.330157,negativo,deprimida,
1565,1.09930514737991E+018,AyGio_,2019-02-23T13:49:05.000Z,"Ayudenme, me quiero morir.",20.1056375,-98.775808,negativo,quiero morir,
8779,1.18362090467419E+018,jona_gameplays,2019-10-14T05:49:48.000Z,Me quiero morir en Queretaro https://t.co/Lo1eGS6Llf,20.5875,-100.3962,negativo,quiero morir,
3353,1.12444919285906E+018,Aviortj,2019-05-03T23:02:33.000Z,Tr√°fico en la CDMX is like ‚Äúbajar todo constituyentes en neutral‚Äù me quiero morir üò©üò©üò©,19.318042,-99.2480095,negativo,quiero morir,
9374,1.19009254295363E+018,e_alvnz,2019-11-01T02:25:47.000Z,Hoy es uno de esos d√≠as en los que real YA NO PUEDO M√ÅS,25.244223,-103.23313,negativo,ya no puedo m√°s,
5892,1.15230576593754E+018,marylabm2,2019-07-19T19:54:38.000Z,Si no me hubieran dicho nada de mi horario juro que no me hubiera deprimido tan gacho,23.685934,-99.187904,negativo,deprimido,
10233,1.19886523714076E+018,rob_carrillo,2019-11-25T07:25:21.000Z,Yo nom√°s quer√≠a leer el hilo y ahora estoy deprimido üò≠,28.9698625,-111.498181,negativo,deprimido,
3274,1.12379103194065E+018,IxcheelS,2019-05-02T03:27:15.000Z,Ya me quiero morir,16.7424355,-93.1396595,negativo,quiero morir,
5907,1.15241896804227E+018,EstoyBienNegro,2019-07-20T03:24:27.000Z,"Disfruta la vida, hay mucho tiempo para estar muerto.",19.183953,-96.2293965,positivo,estar muerto,
2827,1.11871959073185E+018,jair_delrio,2019-04-18T03:35:09.000Z,Solo quiero que termine este d√≠a.,25.736715,-100.270474,negativo,quiero que termine,
4080,1.13193275655505E+018,Tupanqueca17,2019-05-24T14:39:34.000Z,Elton John &amp; Taron Egerton - ‚ÄòTiny Dancer‚Äô (Elton John AIDS Foundation A... https://t.co/SNm2SojE3E v√≠a @YouTube  No puedo seguir sin ver esa maldiga pel√≠cula,30.3233455,-97.754724,neutro,no puedo seguir,
1015,1.09138076271092E+018,juicearaiza,2019-02-01T17:00:25.000Z,"@EddyWarman Hoy tragos con amigos, ma√±ana cenita en parejas y domingo en un pub ver el #SuperBowlLIII para el lunes estar muerto todo el d√≠a crudeando. üòÇ",32.3328765,-116.929102,positivo,estar muerto,
6843,1.1632998337567E+018,Blueskayend,2019-08-19T04:01:08.000Z,Lo que m√°s amo de mis amigos es que nunca te dejan morir solo.,19.0322295,-98.1542665,negativo,morir solo,
9034,1.18637374578864E+018,_batsol,2019-10-21T20:08:37.000Z,"Es de esos momentos en donde ya no puedo m√°s, saben?",24.6624885,-107.3420565,negativo,ya no puedo m√°s,
7237,1.16754155914498E+018,Jenny4ever03,2019-08-30T20:56:14.000Z,Alguien tendr√° esta foto sin el t√≠tulo Morir Solo? As√≠ con el logo de Royce üôè https://t.co/GkESIuVB7K,20.676652,-103.335882,neutro,morir solo,
7113,1.16614886888029E+018,bhehehr,2019-08-27T00:42:10.000Z,"Va...  3 cosas que no sab√≠an de mi:  1.- Ten√≠a un pacto suicida con un camarada que al final lo cambiamos por un pacto alcoh√≥lico.  2.- Le tengo miedo a la obscuridad, duermo con una luz de beb√©.  3.- Mi verdadera pasi√≥n era la arquitectura, entre a ingenier√≠a por una apuesta.",28.9698625,-111.498181,negativo,pacto suicida,
1180,1.09390989757251E+018,PamsitoBimbo,2019-02-08T16:30:18.000Z,me quiero morir,24.107997,-110.8545845,negativo,quiero morir,
835,1.08917614720259E+018,Hil_Ac,2019-01-26T15:00:04.000Z,A 2 meses .... me quiero morirüò±üôà #yavienenlos30,20.5845305,-87.346982,negativo,quiero morir,
2376,1.11249762800728E+018,ErickRamos2121,2019-03-31T23:31:18.000Z,Ese grupito est√° mejor sin m√≠,28.9698625,-111.498181,positivo,mejor sin m√≠,
7717,1.17256352735113E+018,Kariliciouss_,2019-09-13T17:31:44.000Z,"Hubo momentos en los que les juro quer√≠a ya no sentir m√°s, ya no pensar m√°s, ya no nada. S√≥lo quer√≠a dormir para siempre pues as√≠ no iba a sentir m√°s dolor.",21.048719,-87.0316645,negativo,dormir para siempre,
10472,1.20146462743715E+018,ErikaTamaura,2019-12-02T11:34:23.000Z,"As√≠ que inici√© a brincar y a moverme con los tiempos de los cuerpos celestes. Si yo estaba deprimida y ven√≠a una oportunidad de un bello trino, me obligu√© a superar mi depresi√≥n y a prepararme para recibir la energ√≠a que me promet√≠an,",29.838495,-95.4464865,negativo,deprimida,
10143,1.19794848896691E+018,AlfaRebeca,2019-11-22T18:42:31.000Z,"Estoy mil enojada y deprimida, quer√≠a ir al Urban Fest y ninguna de mis amigas me hizo segunda üò°üò°üò°üò°üò°üò°ü§¨ü§¨ü§¨ü§¨",25.244223,-103.23313,negativo,deprimida,
36,1.08039191452693E+018,sunriserandy,2019-01-02T09:14:39.000Z,"Nombre pues entonces estaba deprimida Demacrada, triste, hambrienta, y en la casa hab√≠as demaciadooo alcohol entonces imag√≠nense me sent√≠a como alcoh√≥lico en aa.  Pero como ya estaba pasando mucho rato y nomas no me hablaban, empec√© a tomar a escondidas de mis pap√°s (obvio)",19.128538,-104.36338,negativo,deprimida,
6233,1.15594034249289E+018,ClaribelV24,2019-07-29T20:37:08.000Z,"Quiero sacarme este dolor Ya no puedo seguir as√≠ La vida se me va acabando, marchitando, agonizando Porque s√© que te perd√≠.üé∂",15.7724675,-90.224221,negativo,no puedo seguir,
7930,1.17492578283087E+018,GpeEren,2019-09-20T05:58:30.000Z,"Son rolas, no se claven. Uno no anda deprimido, uno anda ching√≥n.",19.2623115,-99.0050185,negativo,deprimido,
4884,1.14045620484771E+018,AliceFhantom,2019-06-17T03:08:42.000Z,Lo que m√°s me gusta de estar deprimida es cuando volteo a ver a mi mama cargando a mi hijo y en verdad todo parece estar mucho mejor.,25.6417185,-100.2935915,negativo,deprimida,
125,1.08164786675671E+018,_NormaLeon,2019-01-05T20:25:22.000Z,Todas mis fotos y recuerdos se borraron de mi iPhone y solo me quede con una receta de sopa de garbanzo. Me quiero morirüò≠üò≠üò≠ https://t.co/q2jVpCXGA7,20.790657,-103.4847745,negativo,quiero morir,
6658,1.16146776540184E+018,Jairplus,2019-08-14T02:41:08.000Z,Si est√°s deprimido busca ayuda.,17.882837,-98.7930805,negativo,deprimido,
1502,1.09803657300486E+018,Valerianava0,2019-02-20T01:48:14.000Z,"Si quiero conseguirlo no puedo seguir con esta actitud, tengo que cambiar mi manera de actuar y pensar.",20.0537185,-98.7155595,negativo,no puedo seguir,
7482,1.169962618918E+018,Adrylig,2019-09-06T13:16:39.000Z,Casi igualitos... *me quiero morir!!! üò≠üò≠üò≠*,20.1056375,-98.775808,negativo,quiero morir,
6249,1.15602480386359E+018,_ErickMBarreto,2019-07-30T02:12:45.000Z,El m√°s desesperante y ya quiero que se acabe alv,19.183953,-96.2293965,negativo,quiero que se acabe,
1152,1.09359399781208E+018,Ryszard_ritolo,2019-02-07T19:35:01.000Z,@municipiodegpe De paso atender esta rejilla localizada en Av Maestro Israel Cavazos direcci√≥n de norte a sur pasando el paso deprimido de Miguel de la Madrid (Autopista Cadereyta-Aerouerto) gracias @Cicmty https://t.co/dkzOt7SkTq,25.6766035,-100.196134,neutro,deprimido,
9440,1.1907010431993E+018,ponce_krystii,2019-11-02T18:43:45.000Z,Este d√≠a apenas va empezando y ya quiero que termine :(,20.536509,-97.4474945,negativo,quiero que termine,
70,1.08098124455974E+018,MelCortz,2019-01-04T00:16:27.000Z,"Estoy triste por dentro o deprimida no se, solo quiero ba√±arme y dormir.",20.5845305,-87.346982,negativo,deprimida,
5761,1.15087818080018E+018,JacksKravitz,2019-07-15T21:21:55.000Z,Qu√© onda ya nos alcanz√≥ la austeridad republicana en el paso deprimido de palmas?!! Ni una sola l√°mpara encendida. @GobCDMX https://t.co/9F6Dky84VQ,19.4299345,-99.2115105,negativo,deprimido,
6080,1.15427060147917E+018,Bethania8,2019-07-25T06:02:11.000Z,-Ya no puedo seguir comiendo tacos.   Dijo nadie nunca.,19.328383,-99.15234,negativo,no puedo seguir,
2933,1.12011710736096E+018,gonnnmar,2019-04-22T00:08:23.000Z,no se si suicidarme o quitarme la vida,21.09806,-101.601401,neutro,suicidarme,
10881,1.20616570470313E+018,lesliejansj,2019-12-15T10:54:48.000Z,Por alguna extra√±a raz√≥n cuando estoy deprimida me gusta escuchar corridos ü•¥,25.9219465,-109.1037265,negativo,deprimida,
7152,1.16675144619863E+018,JapoHerrera_,2019-08-28T16:36:36.000Z,"@Edwinsz90 Yo la escucho pero porque me gusta pero no para coger, che deprimido hahahaha",18.933812,-99.260819,positivo,deprimido,
5730,1.1505629731755E+018,mar_mor6,2019-07-15T00:29:23.000Z,@MrkWTF Te recuerdo que nunca dibujo tan bien como cuando me quiero morir. https://t.co/6AB5yfQJg5,19.328383,-99.15234,negativo,quiero morir,
4862,1.14025527405123E+018,agustinloeraych,2019-06-16T13:50:16.000Z,"@sam300527 @JTrianaT No le qued√≥ de otra, en Cuba no cab√≠an Castro y Guevara juntos y al final Fidel lo dej√≥ morir solo, como buen amigo que era... ¬ølindos no?",21.048719,-87.0316645,neutro,morir solo,
9877,1.19503398188596E+018,vanesimple,2019-11-14T17:41:18.000Z,"No s√© qu√©  estoy pagando que me lastime mi pie izquierdo hace tres semanas y √∫nicamente puedo usar botitas, ya me harte de las botitas, anoche me hice una curaci√≥n, obviamente ya no puedo m√°s, sumenle que mi d√≠a est√° lo m√°s ‚Äúajetreado‚Äùüò¢",19.4857835,-99.182126,negativo,ya no puedo m√°s,
9937,1.19571478489054E+018,Ed_Bjorkz,2019-11-16T14:46:34.000Z,‚ÄúLa persona paranoica puede interpretar una sonrisa como un intento de manipularle y una expresi√≥n neutra como expresi√≥n de indiferencia fingida. Las creencias err√≥neas de las personas deprimidas o paranoicas producen interpretaciones err√≥neas de la realidad‚Äù.  T. Beck Aaron.,28.941866,-106.1628985,negativo,deprimida,
482,1.08538348823117E+018,wichouya,2019-01-16T03:49:23.000Z,Me quiero morir,19.4857835,-99.182126,negativo,quiero morir,
3503,1.12608688781737E+018,pablozomera,2019-05-08T11:30:10.000Z,Olvidenlo sigo estando deprimido,19.2515305,-99.5799145,negativo,deprimido,
9345,1.18974137885238E+018,Anasofiagzzmtz,2019-10-31T03:10:23.000Z,"Ya estoy hasta la madre de la facu, estoy harta de este semestre, me quiero morir jaajjaja pq me met√≠ a medicina estando tan pendeja",25.6417185,-100.2935915,negativo,quiero morir,
4085,1.13196039006427E+018,_cynthiacf,2019-05-24T16:29:22.000Z,Parece que se me olvid√≥ c√≥mo era la Universidad Y ME VINE A ENCERRAR A UN TONTO AUDITORIO 4/5 HORAS A HACER NADA.  LLEVO 2 Y YA ME QUIERO MORIR.,19.542054,-96.886083,neutro,quiero morir,
7691,1.17218578361842E+018,maibiRz,2019-09-12T16:30:43.000Z,Ya quiero que termine est√° semana :(,22.08013,-98.289075,negativo,quiero que termine,
219,1.08277243308873E+018,Edward__Ren,2019-01-08T22:53:59.000Z,Pffff no puedo seguir viviendo ... üò•üò∞üòì,19.318697,-99.3055805,negativo,no puedo seguir,
1638,1.10074495280649E+018,trento666,2019-02-27T13:10:22.000Z,Hay que estar muerto por dentro para que no te guste el aguacate.,22.3111195,-100.955511,negativo,estar muerto,
6528,1.15931152741929E+018,KalebCicero,2019-08-08T03:53:01.000Z,Como convencer a mi madre que no estoy deprimido? Jajaja,20.941035,-89.623611,negativo,deprimido,
1320,1.09585821942196E+018,AlejandroH250,2019-02-14T01:32:14.000Z,"Ya no puedo m√°s estar un minuto sin mirarte,",20.7152745,-100.4405945,negativo,ya no puedo m√°s,
176,1.08235534925082E+018,madafakerr_,2019-01-07T19:16:39.000Z,Estoy deprimida por Peach üò≠üíî,20.941035,-89.623611,negativo,deprimida,
2799,1.11838333902564E+018,CarpioFlores,2019-04-17T05:19:01.000Z,"Cuando veo esos ojos, ah√≠ es donde quiero vivir, si me besan esos labios, ah√≠ es donde quiero morir....",19.4299345,-99.2115105,positivo,quiero morir,
7732,1.17269770494382E+018,MariDolvinos,2019-09-14T02:24:55.000Z,No estoy deprimida... Solo es final de quincena  Aiuraaaaaa.,19.652724,-101.27577,negativo,deprimida,
